iter	MultiClass
0	0.3385828436
1	0.2990439295
2	0.2819260125
3	0.2764909771
4	0.2747430449
5	0.2717982967
6	0.2703585343
7	0.2682965929
8	0.2651881012
9	0.2638733779
