iter	MultiClass
0	0.3526308282
1	0.3028551923
2	0.29760454
3	0.289978802
4	0.2790043543
5	0.2745398796
6	0.2731962871
7	0.2695940361
8	0.2646095755
9	0.2635888151
